sentiment,text,clean_teks
positive,<USER_MENTION> #BOIKOT_<PROVIDER_NAME> Gunakan Produk Bangsa Sendiri <PROVIDER_NAME>,produk bangsa
positive,"Saktinya balik lagi, alhamdulillah :v <PROVIDER_NAME>",sakti alhamdulillah v
negative,Selamat pagi <PROVIDER_NAME>  bisa bantu kenapa di dalam kamar sinyal 4G hilang yang 1 lagi panggilan darurat saja  <URL>,selamat pagi bantu kamar sinyal hilang panggil darurat
negative,Dear <PROVIDER_NAME> akhir2 ini jaringan data lemot banget padahal H+ !!!!,dear jaring data lot banget h
negative,Selamat malam PENDUSTA <PROVIDER_NAME> ,selamat malam dusta
negative,Untuk penembakan paket dari <PRODUCT_NAME> masih gangguan ya <PROVIDER_NAME>,tembak paket ganggu ya
positive,"<PROVIDER_NAME>  aku pakai <PROVIDER_NAME>, paket <PRODUCT_NAME> nya udah off tapi gantinya ada paket <PRODUCT_NAME> yg bisa gratisan youtube, senang banget <PROVIDER_NAME>",pakai paket nya off ganti paket gratis youtube senang banget
negative,RT <USER_MENTION>: <PROVIDER_NAME> tak ada lagi dalam kamus perhapean saya. #Boikot<PROVIDER_NAME> <URL>,rt kamus perhapean
negative,keluhan gak ditanggapi. bikin emosi aja. pulsaku dicuri terus. soak deh. masa setiap hari pulsa berkurang 1500-2100 bisa 2-3*/hari,keluh tanggap bikin emosi pulsa curi soak deh pulsa kurang
negative,#Bilboard iklan <PROVIDER_NAME> kok ada pesan tersembunyi? #Boikot<PROVIDER_NAME> #Ramadhan <URL>,iklan pesan sembunyi
negative,"<PROVIDER_NAME> mampus!!!!! bulan puasa, subuh2 mau sahur cek pulsa tersedot terus. dan sekarang sisa 30 ribu <PROVIDER_NAME> Tolong dibaca!!!",mampus puasa subuh sahur cek pulsa sedot sisa ribu tolong baca
negative,<USER_MENTION> Pernah coba pakai <PROVIDER_NAME> tapi parah koneksinya ,coba pakai parah koneksi
negative,"Setuju, <USER_MENTION> silahkan boikot saja pelanggan <PROVIDER_NAME> pendukung #HRS <URL>",tuju sila boikot langgan dukung
negative,"Dibela belain daftarin kartu 4G tunggu sejam siang2 sambil puasa, sampai rumah sinyal 4Gnya gak ada, adanya di kota!, <PROVIDER_NAME>",bela bela daftarin kartu tunggu jam siang puasa rumah sinyal gnya kota
negative,<PROVIDER_NAME> datanya kok sering hilang <PROVIDER_NAME>,data hilang
negative,#internetlelet  <PROVIDER_NAME> ga sesuai iklan ,sesuai iklan
positive,<PROVIDER_NAME> <PROVIDER_NAME> kangen nih dapat kiriman pos marchandes nya <PROVIDER_NAME> langsung dari pak pos nya ,kangen nih kirim pos marchandes nya langsung pos nya
negative,"yang katanya 150MBPS kecepatanya cuma 3kbps, kuota full. Ga bisa buka google? Udah bikin nguras uang dan baterai… <URL>",mbps kecepatanya kbps kuota full buka google bikin uras uang baterai
negative,kuota #internet <PROVIDER_NAME> masih banyak tapi koneksi internetnya LAMBAT BANGET! #<PRODUCT_NAME> <PROVIDER_NAME> #4G #lte… <URL>,kuota koneksi internetnya lambat banget
negative,Ampun... Sinyal 4G <PROVIDER_NAME> lemot seperti siput. Acara live streaming jadi terganggu. Mundur terus <PROVIDER_NAME>,ampun sinyal lot siput acara live streaming ganggu mundur
negative,Jaringan <PROVIDER_NAME> di Nabire bagus? Itu hanya berita HOAX #HOAX <PROVIDER_NAME>,jaring nabire bagus berita hoax
negative,Makin jelek jaringan di takalar <PROVIDER_NAME>,jelek jaring takalar
positive,Jadi stabil disini. <PROVIDER_NAME> <URL>,stabil
positive,#CUG <PROVIDER_NAME> #Community Sangat Cocok Buat Komunikasi Antar :. - Keluarga. - Rekan Bisnis / Kerja. - Sekolah / Kampus. - Hubungan Jarak.,cocok komunikasi keluarga rekan bisnis kerja sekolah kampus hubung jarak
negative,<PROVIDER_NAME> <PROVIDER_NAME> ini kualitas provider <PROVIDER_NAME> gangguan trouble mahal berhari2 #useless4g <URL>,kualitas provider ganggu trouble mahal hari
negative,<PROVIDER_NAME> <PRODUCT_NAME> sinyalnya tai...,sinyal tahi
negative,Jaringan internet <PROVIDER_NAME> di sumba timur parah....,jaring internet sumba timur parah
negative,"Dengan ajaib kuota hilang, usage diberikan bahkan bukti penggunaan tidak melebihi batas. <URL>",ajaib kuota hilang usage bukti guna lebih batas
negative,"Bertahun tahun pakai <PROVIDER_NAME>. Masa aktif sampai 2018 karena seringnya ""bayar"" untuk dapat pelayanan yang memuaskan",tahun pakai aktif bayar layan muas
negative,cepat banget data <PROVIDER_NAME> habis <URL>,cepat banget data habis
negative,<USER_MENTION>: Apa gak kurang tolol namanya. <PROVIDER_NAME> provider gak ada urusan sama semua Chat App! ,tolol nama provider urus chat app
negative,"mungkin <PROVIDER_NAME> benar, berarti tinggal #whatsappNotSave <URL>",tinggal
positive,"Hore,,, Akhirnya ada sinyal 4G <PROVIDER_NAME> di Sambu",hore sinyal sambu
positive,Alhamdulilah dikunjungi para vendor mitra <PROVIDER_NAME> ke #klinikKUMSda… <URL>,alhamdulillah kunjung vendor mitra
negative,Terlambat ikut <PRODUCT_NAME>... Jelaslah jaringan <PROVIDER_NAME> lemot...,lambat jaring lot
negative,"<PROVIDER_NAME> tega, Menyampaikan pesan kok suka telat,, bikin #BAPER",tega pesan suka telat bikin
negative,Jaringan 4G kecepatan 2G <PROVIDER_NAME>,jaring cepat
negative,Paket extra combo kok lemot ya <PROVIDER_NAME>,paket extra combo lot ya
negative,Kenapa! Masa buka Facebook aja gak bisa <PROVIDER_NAME>,buka facebook
negative,"Rugi isi kuota <PROVIDER_NAME> jaringannya busuk banget, dirugikan ..",rugi isi kuota jaring busuk banget rugi
negative,solidaritas perlu.. tapi perasaan lebih penting lagi dari solidaritas.  ngomong dong <PROVIDER_NAME>,solidaritas asa solidaritas omong
positive,<PROVIDER_NAME> 1berbagi tanpa kuota 2 berbagai kapan saja <PROVIDER_NAME> bagi berkah <USER_MENTION>,bagi kuota berkah
positive,"<PROVIDER_NAME> bagi berkah 1video ngabuburit dengan anak, video sahur bersama keluarga, video pakai baju koko baru, <USER_MENTION>",berkah video ngabuburit anak video sahur keluarga video pakai baju koko
negative,Koneksi <PROVIDER_NAME> di daerah #sawojajar kota #malang seminggu ini lemot parah ? lagi gangguan kah? <PROVIDER_NAME>Care <PROVIDER_NAME>,koneksi daerah kota minggu lot parah ganggu kah care
positive,"Saya pakai <PROVIDER_NAME>, meski <PROVIDER_NAME> lebih greget dalam hal network and speed, setidaknya <PROVIDER_NAME> lebih irit buat anak kere seperti saya.",pakai greget jaring and speed irit anak miskin
positive,#Boikot <PROVIDER_NAME> harusnya #boikot<PROVIDER_NAME> kartu mahal!. lebih bagus juga <PROVIDER_NAME>,kartu mahal bagus
positive,<PROVIDER_NAME> <PROVIDER_NAME> Berbagi berkah,bagi berkah
negative,Baru isi kuota ... tapi baru 2 menit langsung habis kacau. <PROVIDER_NAME> <URL>,isi kuota menit langsung habis kacau
negative,Sinyalmu jelek banget sih akhir akhir ini <PROVIDER_NAME>,sinyal jelek banget sih
negative,#Boikot<PROVIDER_NAME> Pergerakan masif PKI dan antek2nya melalui iklan <PROVIDER_NAME>. Mari hancurkan PKI melalui #Boikot<PROVIDER_NAME>,gera masif pki antek nya iklan mari hancur pki
positive,Alhamdulillah masih #setia dengan <PROVIDER_NAME>.. jangan menari di tabuhan gendang orang lain.. selamat isya dan tarawih... ,alhamdulillah tari tabuhan gendang orang selamat isya tarawih
negative,"Aku kira diganti pulsaku. udah komplain sana sini, kok cuma php, <PROVIDER_NAME>",ganti pulsa komplain php
negative,Sinyalmu kenapa <PROVIDER_NAME>,sinyal
negative,<PROVIDER_NAME> musuh Ulama #Boikot<PROVIDER_NAME> <URL>,musuh ulama
negative,RT <USER_MENTION>: sudah lama gak pakai <PROVIDER_NAME>,rt pakai
negative,Saya gak benci tapi kelakuan <USER_MENTION> yang bikin #Boikot<PROVIDER_NAME>  Pendukung #PKI coba kamu lihat iklan <PROVIDER_NAME> ada gambar palu arit,benci laku bikin dukung coba lihat iklan gambar palu arit
negative,RT <USER_MENTION>: <USER_MENTION> HT Nya #PuasPake<PROVIDER_NAME> Noh. aku pakek <PROVIDER_NAME> Gimana thu..…,rt hati nya noh pakai tuh
negative,"<PROVIDER_NAME> bisa gak sih kuota 4G digabung saja sama 3G, sayang gak terpakai mubazir... Mubazir itu temennya setan lho!! <PROVIDER_NAME> ",sih kuota gabung sayang pakai mubazir mubazir teman setan lho
positive,"Rejeki pejet2.., semoga ke depan dapat samsung J5..#<PRODUCT_NAME> <PROVIDER_NAME> Medan, Indonesia <URL>",rejeki jet moga samsung medan indonesia
positive,Asik juga kencang begini ? <PROVIDER_NAME> <URL>,asik kencang
negative,Buat apa beli paket 4G jika jaringan internetnya masih Edge <PROVIDER_NAME> <PROVIDER_NAME>,beli paket jaring internetnya edge
negative,Bagaimana ini <PROVIDER_NAME> 4G tapi lemot,lot
negative,Nelepon ke sesama <PROVIDER_NAME> pulsa 20.000 cuma cukup buat 23 menit? <PROVIDER_NAME> BANGSAT..............<PROVIDER_NAME>…<URL>,telpon pulsa menit bangsat
negative,Signal 4G <PROVIDER_NAME> bekasi kenapa? Gak bisa internetan sama sekali dari tadi subuh,sinyal bekas internetan subuh
negative,<PROVIDER_NAME> tarif Internet Super Kuota naik lagi. Negara lain internet makin murah kok <PROVIDER_NAME> makin mahal? ,tarif internet super kuota negara internet murah mahal
negative,JARINGAN <PROVIDER_NAME> tidak ada SINYAL untuk wilayah Sindangkasih - ciamis <PROVIDER_NAME> ,jaring sinyal wilayah sindangkasih ciamis
positive,<PROVIDER_NAME> terimakasih <PROVIDER_NAME> akhirnya menang pointastic deal dari <PROVIDER_NAME> #PointasticDeal <PROVIDER_NAME> <URL>,terimakasih menang pointastic deal
negative,"<PROVIDER_NAME> kalo bukan karena nomer sudah lama, pasti sudah dibuang saja dari dulu. <PROVIDER_NAME>",nomor buang
negative,<PROVIDER_NAME> jadi yang dizalimi bukan cuma saya ya? <PROVIDER_NAME> <URL>,zalim ya
positive,mantap ini. #4g #LTE <PROVIDER_NAME> <URL>,mantap
negative,Sinyal jelek! Komplain gak direspon! #Boikot<PROVIDER_NAME> <PROVIDER_NAME> <URL>,sinyal jelek komplain direspon
negative,"Alhamdulillah mulai hari, ini 2 kartu telpon dan 2 kartu internetan kami gak pakai <PROVIDER_NAME> lagi. #Boikot<PROVIDER_NAME>",alhamdulillah kartu telepon kartu internetan pakai
negative,#Boikot<PROVIDER_NAME> bentuk tekanan masyarakat agar perusahaan publik sekelas <PROVIDER_NAME> lebih berhati-hati ke depannya… <URL>,bentuk tekan masyarakat usaha publik kelas hati hati depan
negative,<USER_MENTION> <USER_MENTION> <PROVIDER_NAME> Alhamdulillah saya gak pakai <PROVIDER_NAME> dari dulu #Boikot<PROVIDER_NAME> ,alhamdulillah pakai
positive,Saya dulu memimpikan pakai <PROVIDER_NAME>.  Tapi sekarang gak mimpi lagi.  Setia saja sama <PROVIDER_NAME> walau mahal sedikit. Ikutan #Boikot<PROVIDER_NAME>,mimpi pakai mimpi setia mahal ikut
positive,"jauh sebelum ada aksi #Boikot<PROVIDER_NAME> saya tidak pakai <PROVIDER_NAME> lagi,  sebab <PROVIDER_NAME> masih lebih bagus maaf bukan iklan tapi kenyataan",aksi pakai bagus maaf iklan nyata
positive,<PROVIDER_NAME> yang terbaik ini peserta nya… <URL>,baik serta nya
positive,RT <USER_MENTION>: Teman sehari hari. #<PROVIDER_NAME> <PROVIDER_NAME> #<PROVIDER_NAME> #telecommunications… <URL>,rt teman hari
negative,<PROVIDER_NAME> jelek banget sinyalnya <PROVIDER_NAME>,jelek banget sinyal
positive,"Saya bisa ke Sydney karena program <PROVIDER_NAME> & itu GRATIS! ada 22 Mahasiswa. Belajar dn liburan, kalian para hacker intropeksi sana",sydney program gratis mahasiswa ajar libur hacker intropeksi
negative,Internet mahal turunkan harga paket <PROVIDER_NAME> ,internet mahal turun harga paket
positive,Selalu pakai <PROVIDER_NAME> belum pernah pakai <PROVIDER_NAME> dan merasakan <PROVIDER_NAME>lemot Meski <PROVIDER_NAME>mahal tapi dibarengi dengan kualitas,pakai pakai rasa lot mahal bareng kualitas
negative,"Webnya <PROVIDER_NAME> dibajak ya?  Cie dibajak. Semoga habis ini paket2, spam2 dan promo2nya makin subur.  <PROVIDER_NAME>",webnya bajak ya cie bajak moga habis paket spam promo nya subur
positive,CS <PROVIDER_NAME> <PROVIDER_NAME> emang paling fast response sama keluhan konsumen. Beda dengan operator sebelah! #opinipenjualpulsa,cs fast response keluh konsumen beda operator belah
positive,"Ini prinsip soalnya <PROVIDER_NAME> lebih murah dari <PROVIDER_NAME>, masalah sinyal disini Alhamdulillah kencang karena di kota besar kok",prinsip murah sinyal alhamdulillah kencang kota
positive,Terbaik Buat <PROVIDER_NAME> <PROVIDER_NAME>,baik
positive,Kembali ke paketan <PROVIDER_NAME> <PROVIDER_NAME>,paket
positive,<PROVIDER_NAME> Mantap di Sumedang <PROVIDER_NAME> ,mantap sumedang
negative,"<PROVIDER_NAME> semakin kesini semakin mahal, jaringannya 4G tapi lelet, pesan masukku penuh isinya pesan promo yang nyedot pulsa semua <PROVIDER_NAME>",kesini mahal jaring lelet pesan masuk penuh isi pesan promo nyedot pulsa
negative,Tolong dong kensinya di benerin di wilayah keramat jati. Kenapa lemot !!!! <PROVIDER_NAME> <PRODUCT_NAME> <PROVIDER_NAME>,tolong kensinya benerin wilayah keramat jati lot
negative,"Sinyal kami paling kuat KATANYA. internetku di jakarta lemot parah, 3g aja gak dapat. makin hari makin jadi ini provider <PROVIDER_NAME> <PROVIDER_NAME>",sinyal kuat internetku jakarta lot parah provider
negative,Keamanan <PROVIDER_NAME> dong yang harus ditingkatkan! Bikin rugi pelanggan aja..!! <URL>,aman tingkat bikin rugi langgan
negative,harga jual & jumlah per rupiah dari kilobyte internet... memang <PROVIDER_NAME> juara mahalnya sih tsel vs <PROVIDER_NAME> <PROVIDER_NAME> ,harga jual rupiah kilobyte internet juara mahal sih tsel vs
negative,<PROVIDER_NAME> <PROVIDER_NAME> kenapa jaringan 4g di sembungan bangunjiwo kasihan bantul sudah 3minggu sangat tidak stabil. kuota <PROVIDER_NAME> terbuang,jaring sembung bangunjiwo kasihan bantul minggu stabil kuota buang
negative,<PROVIDER_NAME> <PROVIDER_NAME> apakah setelah mendapat banyak customer sekarang 4G di Sembungan Bangunjiwo Jogja jadi gak stabil?,customer sembung bangunjiwo jogja stabil
negative,Sinyal macam apa ini? Ping game aja segede itu. Sinyalnya seperti tai. <PROVIDER_NAME> ,sinyal ping game gede sinyal tahi
positive,lebih baik <PROVIDER_NAME> ,
negative,Malas banget yang 12Gb jadi 6Gb <PROVIDER_NAME> masalahnya harga sama mahalnya - jaringannya sama dan free YouTubenya gak terpakai jamnya hadeh,malas banget gb gb harga mahal jaring free youtubenya pakai jam hadeh
positive,Yang gratisan memang menyenangkan <PROVIDER_NAME> <PRODUCT_NAME> <PRODUCT_NAME> #kuotagratis <URL> ,gratis senang
positive,Pindah provider saja kali ya buat internetan #kuning lemot... Dengar dari teman si #biru lebih bagus <PROVIDER_NAME> <PROVIDER_NAME>,pindah provider kali ya internetan lot dengar teman sih bagus
negative,"tolong lakukan reset di nomor saya  Jaringan lemah, memakan waktu lama untuk open page web #LEMOT #JARINGAN #LTE <PROVIDER_NAME> <PROVIDER_NAME>",tolong laku reset nomor jaring lemah makan open page situs
positive,<PROVIDER_NAME> <PROVIDER_NAME> yg semakin kekinian bikin keki.,kini bikin keki
positive,kecepatan internet di ciwidey segini...  mantap <PROVIDER_NAME> #4glte <USER_MENTION> <URL> …,cepat internet ciwidey gin mantap
negative,"Jaringan 4g <PROVIDER_NAME> di cimahi kenapa yah,  kok lambat ?, sudah 4 hari ini.  Tapi kalo di kota bandung lancar jaya.. ",jaring cimahi ya lambat kota bandung lancar jaya
negative,"<PROVIDER_NAME> parah, cuma bisa di 3G <PROVIDER_NAME> <PROVIDER_NAME>",parah
negative,<PROVIDER_NAME> Koneksi 4G rasa GPRS <PROVIDER_NAME> ,koneksi gprs
negative,Kapan nih akses data di kecamatan cisewu kabupaten garut bisa 4G,nih akses data camat cisewu kabupaten garut
negative,<PROVIDER_NAME> <PROVIDER_NAME>4GLTE <PROVIDER_NAME> #BOGOR #AREA  <URL> … UDAH 3 BULAN TIDAK ADA TANGGAPAN YG JELAS ,glte tanggap
negative,"tidak direkomendasikan, baru coba paket <PROVIDER_NAME> mingguan, tes pakai twitter 30menit pulsa terus berkurang, langsung unreg. <PROVIDER_NAME>",rekomendasi coba paket minggu tes pakai twitter menit pulsa kurang langsung unreg
positive,Nonton gratis dibayarin <PROVIDER_NAME> poin  <PROVIDER_NAME> <PROVIDER_NAME>poin ,tonton gratis dibayarin poin poin
positive,"Belum lama pakai <PROVIDER_NAME>, alhamdulillah selalu bermanfaat sinyalnya. #gsm #handphone <PROVIDER_NAME> #Simpati",pakai alhamdulillah manfaat sinyal
positive,Terimakasih <PROVIDER_NAME> <URL> ,terimakasih
positive,Makin mantap saja si <PROVIDER_NAME>. Sekali SMS tarifnya 300. ,mantap sih sms tarif
positive,"alhamdulillah sudah beres pakai <PROVIDER_NAME> <PROVIDER_NAME>, daripada nunggu konfirmasi <PROVIDER_NAME> yg gak akan pernah datang. #janji… <URL>",alhamdulillah beres pakai tunggu konfirmasi
positive,<PROVIDER_NAME> terimakasih <PROVIDER_NAME> akhirnya menang <PRODUCT_NAME> dari <PROVIDER_NAME>  #<PRODUCT_NAME> <PROVIDER_NAME> ,terimakasih menang
positive,Asik juga kencang begini <PROVIDER_NAME> ,asik kencang
positive,Terimakasih ya <PROVIDER_NAME> gratis 4Gnya ayo buruan upgrade <PRODUCT_NAME>,terimakasih ya gratis gnya ayo buru upgrade
positive,"Upload video 1GB kurang dari 4 menit, memang mantab ini kecepatan <PROVIDER_NAME>",upload video gb menit mantap cepat
positive,Dapat bonus kuota 2GB dan 100 menit nelpon ke semua operator dari <PROVIDER_NAME>  <PROVIDER_NAME> <PRODUCT_NAME> <URL> ,bonus kuota gb menit telpon operator
positive,Kuota masih AMAN <PROVIDER_NAME> #capture #kuotaaman Di Kota Mamuju <URL> ,kuota aman kota mamuju
positive,Masih ada yang hemat <PROVIDER_NAME>,hemat
positive,Pakai paket <PRODUCT_NAME> <PROVIDER_NAME> irit.  <PROVIDER_NAME> <PROVIDER_NAME> <URL> ,pakai paket irit
positive,"dibuang sayang karena terlalu setia, lagipula nomernya bagus  <PROVIDER_NAME> <PROVIDER_NAME> <URL> ",buang sayang setia lagipula nomernya bagus
positive,Baru merasakan segitu besarnya ping.. 36604 ribu lumayanlah buat bukber <PROVIDER_NAME> <PROVIDER_NAME>,rasa segitu besar ping ribu lumayan bukber
positive,Itu yang pada nulis disertai hashtag <PROVIDER_NAME>Lemot hidupnya dimana sih? Saya di Ungaran sini kok pakai <PROVIDER_NAME> lancar2 aja tuh.,tulis serta hashtag lot hidup mana sih ungar pakai lancar tuh
positive,Makanya pakai <PROVIDER_NAME> 60 ribu dapet 9giga. <PROVIDER_NAME> <PROVIDER_NAME>dihack <PROVIDER_NAME> <PROVIDER_NAME>mahal,pakai ribu giga dihack mahal
positive,mending pindah ke <PROVIDER_NAME> aja <PROVIDER_NAME>,mending pindah
positive,"Saya pakai <PRODUCT_NAME> <PROVIDER_NAME> <PROVIDER_NAME> karena jelas, terjangkau .. pake <PROVIDER_NAME> <PROVIDER_NAME> <PROVIDER_NAME> gak jelas, mahal",pakai jangkau pakai mahal
positive,"Siapa yang mau ditelpon, mumpung ada gratisan nih ...  <PROVIDER_NAME>",telpon mumpung gratis nih
positive,Tumben <PROVIDER_NAME> murah hati padaKu #onlyForU Jangan2 semua pelanggan diginikan.,tumben murah hati pada langgan begini
positive,"Canggih nih, nambah hari malah nambah kuotanya . #kuota <PROVIDER_NAME> <PRODUCT_NAME> #4g <URL> ",canggih nih tambah tambah kuota
positive,<PROVIDER_NAME> PENUH DENGAN BONUS <PROVIDER_NAME> ,penuh bonus
positive,"Sinyal <PROVIDER_NAME> hebat, sampai puncak Halimun masih tetap on, mantap ",sinyal hebat puncak halimun on mantap
positive,Nelpon 1.000 Dapat kouta 1gb,telpon kouta gb
positive,Makin betah aja sama kamu..  :v   #operator  :v <PROVIDER_NAME> ,betah v v
positive,lumayan ini murah meriah <PROVIDER_NAME> ,lumayan murah riah
positive,"WOW, Saya baru mendapatkan hadiah fantastis dari <PRODUCT_NAME>! <PRODUCT_NAME> membuat semuanya jadi simpel <URL>  <PROVIDER_NAME>",wow hadiah fantastis simpel
positive,"Cuma Modal Isi Pulsa 10ribu dapet 2GB Gratis dari <PROVIDER_NAME> :v Tumben Lagi baik, semoga Promonya makin murah murah <PROVIDER_NAME> :D . . <PROVIDER_NAME>",modal isi pulsa ribu gb gratis v tumben moga promonya murah murah
positive,Ajaib min <PROVIDER_NAME> kartu saya bisa diisi pulsa & digunakan kembali.. terimakasih ya <PROVIDER_NAME>,ajaib min kartu isi pulsa terimakasih ya
positive,Mantap deh <PROVIDER_NAME>. Cuma isi pulsa 25ribu dapat bonus paket data 3GB. Terimakasih juga <PROVIDER_NAME> atas pelayanannya. <PROVIDER_NAME> #mantapjiwa,mantap deh isi pulsa ribu bonus paket data gb terimakasih layan
positive,terimakasih paket data sudah aktif  dan normal. terimakasih <PROVIDER_NAME> cukup puas dengan pelayanannya. <PROVIDER_NAME> <PROVIDER_NAME>,terimakasih paket data aktif normal terimakasih puas layan
positive,banyak Perusahaan melupakan hal ini & banyak konsumen menghapus pesan tanpa membacanya menyalahkan padahal sudah diingatkan thanks <PROVIDER_NAME> ,usaha lupa konsumen hapus pesan baca salah terimakasih
positive,Terima kasih <PROVIDER_NAME> !! <PROVIDER_NAME>,terima kasih
positive,Hore....<PROVIDER_NAME> Ada sinyal.....thanks <PROVIDER_NAME> .... <PROVIDER_NAME> ,hore sinyal terimakasih
positive,Alhamdulillah sambil nunggu subuh bisa melihat lantunan Adhan Styles dari Mekah dan Madinah dengan jelas karena paket Internet <PROVIDER_NAME> saya bagus,alhamdulillah tunggu subuh lantun adhan styles mek madinah paket internet bagus
positive,"Dengan <PROVIDER_NAME> juga bisa lihat youtube selama setahun tanpa kuota, makin keren aja. ",lihat youtube tahun kuota keren
positive,Dengan jaringan 4G super cepat dari <PROVIDER_NAME> smartphone kamu terus terkoneksi dan bisa pantau aktivitas di sosial media :,jaring super cepat smartphone koneksi pantau aktivitas sosial media
positive,Menggunakan medsos harus sebijak mungkin. Apalagi ada fasilitas makin oke kayak FB gratis 30MB & free YouTube/Yonder/Genflix dari <PROVIDER_NAME>,medsos bijak fasilitas oke fb gratis mbak free youtube yonder genflix
positive,"pagi itu, menyegarkan mata selain lari2 kecil, bisa juga dengan nikmatin internet, atau nelpon yang super murah, suara jernih pake <PROVIDER_NAME>. gitu!",pagi segar mata lari nikmat internet telpon super murah suara jernih pakai
positive,"Buka puasa sambil streaming di YouTube lancar banget pake <PROVIDER_NAME>, jadi makin setia sama <PROVIDER_NAME>.",buka puasa streaming youtube lancar banget pakai setia
positive,Selain jaringan 4G <PROVIDER_NAME> yang sangat luas temanku juga bisa nelpon ke operator lain secara gratis & suaranya juga jernih banget,jaring luas teman telpon operator gratis suara jernih banget
positive,Koneksi internet <PROVIDER_NAME> yg lancar sangat  membantu saya dalam menyelesaikan pekerjaaan di hari Jumat sebelum weekend.,koneksi internet lancar bantu selesai pekerjaaan jumat weekend
negative,ayo penuhi viralkan keras #Boikot<PROVIDER_NAME>! Nomor sy nomer <PROVIDER_NAME> cantik dr th2007 lgsg sy buang!Jgn main2 dg umat Islam yg brsatu,ayo penuh viralkan keras nomor nomor cantik langsung buang main umat islam brsatu
negative,AYO BUANG KARTU <PROVIDER_NAME> ! #Ruh212 <URL>,ayo buang kartu
negative,"Selama ini saya pake <PROVIDER_NAME>, Insya Allah setelah paket yang sekarang kuotanya habis saya akan ganti operator lain #Boikot<PROVIDER_NAME>",pakai insya allah paket kuota habis ganti operator
negative,CEO <PROVIDER_NAME> harus bertanggung jawab. Sudah ada counter perdana HP berhenti jual perdana <PROVIDER_NAME> #Boikot<PROVIDER_NAME>,ceo tanggung alat hitung perdana hp henti jual perdana
negative,Biar jadi pelajaran buat yang lain... Saya tidak akan pernah pakai produk <PROVIDER_NAME>!!! #Boikot<PROVIDER_NAME>,biar ajar pakai produk
negative,"kenapa pada boikot <PROVIDER_NAME> ya #Boikot<PROVIDER_NAME> mungkin karena sering nyedot pulsa ga tau dipake apa, sms 1 bayar 1000 cuma buat bonus maksa",boikot ya nyedot pulsa tau pakai sms bayar bonus maksa
positive,Lumayan #Speedtest Jaringan 4G/LTE <PROVIDER_NAME> Area Tarogong #Garut cukup memuaskan <PROVIDER_NAME> <URL>,lumayan jaring lte area tarogong muas
negative,Uji kecepatan <PRODUCT_NAME> #opensignal-ku di <PROVIDER_NAME> 3G <PROVIDER_NAME> disini jelek,uji cepat ku jelek
negative,Tolong di urus segera saya ga mau bayar data yang saya ga dapet datanya <PROVIDER_NAME> <PROVIDER_NAME>,tolong urus bayar data data
positive,Nonton gratis dibayarin <PROVIDER_NAME> poin  <PROVIDER_NAME> <PROVIDER_NAME>poin #passengers…,tonton gratis dibayarin poin poin
positive,Makasih ya <PROVIDER_NAME> gratis 4Gnya ayo buruan upgrade <PRODUCT_NAME> mu,terimakasih ya gratis gnya ayo buru upgrade mu
positive,Makan malam gratis hari ini hasil tuker <PROVIDER_NAME> Poin  #7eleven #sevel <PROVIDER_NAME>… <URL>,makan malam gratis hasil tukar poin
negative,"Mohon di up jaringan 4G di wilayah Morowali, sangat buruk..  <PROVIDER_NAME> <PROVIDER_NAME>",mohon up jaring wilayah morowali buruk
negative,Jaringan <PROVIDER_NAME> di Waru Atas arae Site WKP tidak dapat digunakan untuk telpon mohon cek Team <PROVIDER_NAME> ,jaring waru arae site wkp telepon mohon cek team
negative,Semakin hari kualitas dan pelayanannya semakin buruk. Selama 5 bulan melakukan pelaporan namun tidak ada tindakan perbaikan. <PROVIDER_NAME>,kualitas layan buruk lapor tindak baik
negative,<PROVIDER_NAME> tolong jaringan di MUARA KAMAN diperbaiki... BBM aja ga bisa ngakses...menyambungkan melulu... sudah 3 minggu lebih,tolong jaring muara kam baik bbm ngakses sambung melulu minggu
negative,Uji kecepatan NYATA  di <PROVIDER_NAME> 3G <PROVIDER_NAME> disini jelek,uji cepat nyata jelek
negative,Tolong diurus segera saya ga mau bayar data yang saya ga dapat datanya <PROVIDER_NAME> <PROVIDER_NAME>,tolong urus bayar data data
positive,Lumayan #Speedtest Jaringan 4G/LTE <PROVIDER_NAME> Area Tarogong #Garut cukup memuaskan <PROVIDER_NAME> <URL> ,lumayan jaring lte area tarogong muas
positive,Terimakasih ya <PROVIDER_NAME> gratis 4Gnya ayo buruan upgrade <PRODUCT_NAME>,terimakasih ya gratis gnya ayo buru upgrade
positive,Makan malam gratis hari ini hasil tukar <PROVIDER_NAME> Poin   <PROVIDER_NAME>… <URL>,makan malam gratis hasil tukar poin
negative,ayo viralkan keras #Boikot<PROVIDER_NAME>! Nomor saya nomer <PROVIDER_NAME> cantik dari tahun 2007 saya buang! Jangan main2 dengan umat Islam yang brsatu,ayo viralkan keras nomor nomor cantik buang main umat islam brsatu
negative,AYO BUANG KARTU <PROVIDER_NAME> ! #Ruh212 ,ayo buang kartu
negative,"Selama ini saya pakai <PROVIDER_NAME>, Insya Allah setelah paket yang sekarang kuotanya habis saya akan ganti operator lain #Boikot<PROVIDER_NAME> ",pakai insya allah paket kuota habis ganti operator
negative,"kenapa pada boikot <PROVIDER_NAME> ya #Boikot<PROVIDER_NAME> mungkin karena sering menyedot pulsa ga tau dipake apa, sms 1 bayar 1000 cuma buat bonus maksa",boikot ya sedot pulsa tau pakai sms bayar bonus maksa
positive,"Buka puasa sambil streaming di YouTube lancar banget pakai <PROVIDER_NAME>, jadi makin setia sama <PROVIDER_NAME>.",buka puasa streaming youtube lancar banget pakai setia
positive,Koneksi internet <PROVIDER_NAME> yang lancar sangat  membantu saya dalam menyelesaikan pekerjaaan di hari Jumat sebelum weekend.,koneksi internet lancar bantu selesai pekerjaaan jumat weekend
negative,<PROVIDER_NAME> kamu kenapa sinyalnya php <PROVIDER_NAME>,sinyal php
negative,Koneksi internet yang sangat menjengkelkan. <PROVIDER_NAME>  #lemot ,koneksi internet jengkel
positive,"<PROVIDER_NAME> Nelpon lebih murah pake JS, kurang dari Rp1/detik. <PROVIDER_NAME> <PRODUCT_NAME> <PRODUCT_NAME>",telpon murah pakai js rp detik
positive,"Terima kasih PT <PROVIDER_NAME> , kiriman GRATIS <PROVIDER_NAME> Home-nya sudah tiba.",terima kasih pt kirim gratis home nya
positive,Kualitas sinyal 4G <PROVIDER_NAME> ikut melengkapi meriahnya festival tersebut. ,kualitas sinyal lengkap riah festival
positive,saya pindah ke <PROVIDER_NAME> yang memang sudah terbukti,pindah bukti
negative,Ini sinyal H+ palsu. Seperti H+ rasa edge. <PROVIDER_NAME> <PROVIDER_NAME> ,sinyal h palsu h edge
negative,Pelanggan <PROVIDER_NAME> <PROVIDER_NAME> yg ada di area #Pandeglangkota dirugikan krn jaringan telponnya rusak dan tidak diperbaiki,langgan area rugi jaring telpon rusak baik
negative, Hati-hati Tukang Tipu!! <PROVIDER_NAME>,hati hati tukang tipu
negative,Sedih. Pakai <PROVIDER_NAME> 4G gak stabil.,sedih pakai stabil
negative,Jarigan <PROVIDER_NAME> lelet. Karena gangguan atau rusak ya,jarigan lelet ganggu rusak ya
negative,"Daerah Jagakarsa, pakai <PROVIDER_NAME> sinyalnya jelek, yang satu H+ gak dapat 4G, yang satu dapat 4G tapi gak ada sinyal?",daerah jagakarsa pakai sinyal jelek h sinyal
negative,<PROVIDER_NAME> cacat,cacat
positive,Ini baru #koneksi #internet #4g <PROVIDER_NAME> <URL> ,
positive,<PROVIDER_NAME> BagiBerkah ...gak ada kata susah ..cukup sekali sentuh jadi mudah dan berfaedah,bagiberkah susah sentuh mudah faedah
negative,<PROVIDER_NAME> tumbang di kota Semarang,tumbang kota semarang
negative,Kuotaku masih banyak internetan aja gak bisa <PROVIDER_NAME> <PROVIDER_NAME>Care <PROVIDER_NAME> ,kuota internetan care
negative,Selalu Lemot <PROVIDER_NAME>,lot
positive,<PROVIDER_NAME> BerbagiBerkah karena berbagi itu menyenangkan apalagi sama orang yang kita sayangi.,berbagiberkah bagi senang orang sayang
positive,Santai pakai <PROVIDER_NAME> <PROVIDER_NAME>4G <PROVIDER_NAME>BagiBerkah bisa diandalkan,santai pakai bagiberkah andal
positive,banyak yang masih setia memggunakan <PROVIDER_NAME>,setia memggunakan
positive,"Yang saya pengen <PROVIDER_NAME> selangkah lebih maju dari yang lain baik layanan ataupun jaringan 3G atau 4G,",selang maju layan jaring
positive,Yuk pakai <PROVIDER_NAME> Rp1 gratis 1GB,yuk pakai rp gratis gb
positive,Lebaran tetap pakai <PROVIDER_NAME> yaa #Rp1 gratis 1GB,lebaran pakai ya gratis gb
positive,sinyal 4G <PROVIDER_NAME> dipalembang lancar,sinyal dipalembang lancar
positive,Keren di rembang ada sinyal 4G <PROVIDER_NAME>,keren rembang sinyal
positive,sinyal <PROVIDER_NAME> kuat banget,sinyal kuat banget
positive,4G <PROVIDER_NAME> dapat banget disini,banget
positive,"Berkat <PROVIDER_NAME> mudiknya jd nyaman,mampir ke posko pun senang..",berkat mudik nyaman mampir posko senang
positive,Terimakasih <PROVIDER_NAME>,terimakasih
positive,untungnya sudah pakai <PROVIDER_NAME>,untung pakai
positive,Alhamdulillah masih #setia dengan <PROVIDER_NAME>.. terbaik,alhamdulillah baik
positive,"<PROVIDER_NAME> memang jauh lebih murah dari <PROVIDER_NAME>, banyak bonusnya lagi",murah bonus
negative,RT <USER_MENTION>: Buat <PROVIDER_NAME> setelah kuota habis saya mau ganti provider  ,rt kuota habis ganti provider
negative,<PROVIDER_NAME> memang jancok! sinyal payah,jancok sinyal payah
negative,saya paling tidak pernah pakai  <PROVIDER_NAME>,pakai
negative,RT <USER_MENTION>: Belum ada permintaan maaf dan pernyataan apapun?  Lanjut boikot <PROVIDER_NAME> #Boikot<PROVIDER_NAME> <URL>,rt minta maaf nyata apa boikot
negative,<PROVIDER_NAME> masa kuota malam saya sudah habis duluan? Logikanya dimana? <URL>,kuota malam habis duluan logika mana
negative,"RT <USER_MENTION>: <PROVIDER_NAME> ini <PROVIDER_NAME> di sini jaringan 4G nya penuh, cuma ga mau konek ke internet...",rt jaring nya penuh konek internet
positive,Sinyal 4g nya stabil nih. mantap <PROVIDER_NAME> <URL>,sinyal nya stabil nih mantap
negative,"Fungsinya data lokal, 4G sama Flash apa? Toh mau 4G atau 3G yang terpakai duluan data lokalnya. mahal lagi. <PROVIDER_NAME>",fungsi data lokal flash pakai duluan data lokal mahal
positive,"Hore, dapat makan malam gratis hari ini karena <PROVIDER_NAME> Poin  #7eleven #sevel <PROVIDER_NAME>… <URL>",hore makan malam gratis poin
negative,"Wajar saja <PROVIDER_NAME> dihack, harga mahal banget dan koneksi lambat lagi <PROVIDER_NAME>mahal <PROVIDER_NAME> ",wajar dihack harga mahal banget koneksi lambat mahal
positive,*ganti* paket <PROVIDER_NAME>  5Gb langsung lancar dan #TransaksiNormal,ganti paket gb langsung lancar
negative,Selalu saja ada masalah #Indonesia <PROVIDER_NAME> #konsumen <USER_MENTION>,
positive,Alhamdulillah gratisan youtube dari <PROVIDER_NAME> pada bulan Ramadhan ini berfaedah sekali.,alhamdulillah gratis youtube ramadhan faedah
negative,<PROVIDER_NAME> KENAPA. sinyal hilang mulu,sinyal hilang mulu
negative,Data yang sama sekali tidak ada manfaatnya.  <PROVIDER_NAME> <URL> …,data manfaat
negative,<PROVIDER_NAME> goblok banget sih sekarang <PROVIDER_NAME> #jadimurahan ,goblok banget sih
negative,Padahal udah settingan 3G tapi kenapa kuota 3G tidak bisa dipakai malah menguras pulsa yaa? #Tanya <PROVIDER_NAME>,settingan kuota pakai uras pulsa ya
negative,Sudah mahal sinyalnya jelek lagi... <PROVIDER_NAME> bangsat anjing...,mahal sinyal jelek bangsat anjing
negative,Jeleknya jaringan internet. <PROVIDER_NAME>,jelek jaring internet
negative,Cuma di area Pandeglang kota.. jaringan <PROVIDER_NAME> buruk jelek. Kejadian ini sudah berlangsung sebulan lamanya. <PROVIDER_NAME>Care <PROVIDER_NAME>payah <PROVIDER_NAME> harus dihack,area pandeglang kota jaring buruk jelek jadi bulan care payah dihack
negative,"benar2 kacau. Baru isi kuota, datanya langsung habis. <PROVIDER_NAME> ",kacau isi kuota data langsung habis
positive,<PROVIDER_NAME> ayo kamu bisa,ayo
positive,Mending ngopi nyantai sambil dengar musik klasik di youtube gratis dari jaringan <PROVIDER_NAME> yang keren,mending ngopi nyantai dengar musik klasik youtube gratis jaring keren
positive,ada banyak fitur  dari Kartu Perdana <PROVIDER_NAME> yg udah 4.5G <PROVIDER_NAME>Youtube1tahun <PROVIDER_NAME>_Jabo <USER_MENTION>,fitur kartu perdana youtube jabo
positive,"Hari minggu masuk kerja tapi gak ada yang dikerjain, ujung2nya mencari lapak terus rebahan sambil denger musik di youtube. <PROVIDER_NAME> top deh",minggu masuk kerja dikerjain ujung nya cari lapak rebah dengar musik youtube top deh
positive,Sekarang enak belanja online. Sinyal kuat dan kencang pakai <PROVIDER_NAME>. ,enak belanja online sinyal kuat kencang pakai
positive,Mantap! Paket <PRODUCT_NAME> dari <PROVIDER_NAME> bikin mupeng. Banyak <PRODUCT_NAME>nya! ,mantap paket bikin muka pengin nya
positive,Selain bonus THR dapat bonus dari <PROVIDER_NAME> yang begini nih yang bikin hati senang juga.. ,bonus thr bonus nih bikin hati senang
positive,"Pagi ini saya sahur di Purwakarta, dan disini sinyal <PROVIDER_NAME> nya bagus banget",pagi sahur purwakarta sinyal nya bagus banget
positive,"Astaga udah sore aja. Keasyikan main hape. Sinyal lancar, hebat emang <PROVIDER_NAME>",astaga sore asyik main hp sinyal lancar hebat
positive,"Kadang, saya juga cari referensi di youtube yang merupakan gudang informasi keren. <PROVIDER_NAME> youtube an tanpa kuota bisa streaming lancar",kadang cari referensi youtube gudang informasi keren youtube an kuota streaming lancar
positive,belajar mengedit video di youtube jadi enak dan cepat paham kalo jaringan <PROVIDER_NAME> lancar dan kencang begini.,ajar edit video youtube enak cepat paham jaring lancar kencang
positive,"Tethering pakai kartu <PROVIDER_NAME> sinyalnya kencang badai, apalagi kalau lagi browsing"" mencari bahan artikel. Dijamin lancar.",tethering pakai kartu sinyal kencang badai browsing cari bahan artikel jamin lancar
negative,Saya tidak akan pernah pakai produk <PROVIDER_NAME>!!! boikot <PROVIDER_NAME> #Boikot<PROVIDER_NAME>,pakai produk boikot
negative,Ayo yang masih pakai kartu <PROVIDER_NAME> Segera buang ke Got ya,ayo pakai kartu buang got ya
negative,#Boikot<PROVIDER_NAME>..saatnya hijrah ke ..selamat tinggal <PROVIDER_NAME>..,hijrah selamat tinggal
positive,Alhamdulillah Kuota <PROVIDER_NAME> banyak yang murah,alhamdulillah kuota murah
negative,"Sudah tarifnya paling mahal, ditambah jaringan yang semakin hari semakin susah! <PROVIDER_NAME> mengesalkan banget ",tarif mahal tambah jaring susah kesal banget
negative,"<PROVIDER_NAME> Pulsanya masih ada, TM masih banyak, mau nelpon ke sesama simpati katanya pulsa gak cukup, kampret ini <PROVIDER_NAME> ",pulsa tm telpon simpati pulsa kampret
positive,Tiba-tiba ada sinyal 4g di rumahku.  Biasanya gak ada.. lancar juga. <PROVIDER_NAME>,sinyal rumah lancar
negative,"Tadinya berharap paling bagus untuk kerja online,Ternyata internetnya tidak seSimpati namanya <PROVIDER_NAME> <URL>",harap bagus kerja online internetnya simpat nama
negative,Jaringan internet <PROVIDER_NAME> di sumba timur parah....,jaring internet sumba timur parah
negative,Kualitas jaringan <PROVIDER_NAME> sangat menurun di wilayah Sukabumi.,kualitas jaring turun wilayah sukabumi
negative,Ternyata tidak cuma saya yang mengeluh karena sinyal atau pelayanan <PROVIDER_NAME> dalam jaringan internet masih kurang,keluh sinyal layan jaring internet
negative,"Sudah tengah malam, jaringan kok masih super lelet <PROVIDER_NAME> gak berkualitas",malam jaring super lelet kualitas
negative,Sinyal <PROVIDER_NAME> yang sangat menyedihkan,sinyal sedih
negative,<PROVIDER_NAME> makin bangsat kalau dibiarin,bangsat biar
negative,<PROVIDER_NAME> memang bangsat gemas duh,bangsat gemas duh
negative,Signal <PROVIDER_NAME> Mentari makin lama makin memprihatinkan. Saatnya memikirkan untuk ganti kartu. Kecewa <PROVIDER_NAME>,sinyal mentari prihatin pikir ganti kartu kecewa
negative,<PROVIDER_NAME> apakah <PROVIDER_NAME> lagi gangguan di daerah kramat jati? Sumpah sudah lelet banget padahal sudah 4g ,ganggu daerah kramat jati sumpah lelet banget
negative,"<PROVIDER_NAME> kenapa <PROVIDER_NAME> super lelet? 4g tp kecepatan 0,1 1 kb/s. gangguan atau gimana sih? ",super lelet cepat kb si ganggu sih
negative,tai <PROVIDER_NAME>,tahi
negative,"Ya allah. Kalau hujan sinyal <PROVIDER_NAME> kaya lagunya Kotak ""Pelan Pelan Saja""",ya allah hujan sinyal kayak lagu kotak pelan pelan
negative,bikin kelar <PROVIDER_NAME> ,bikin kelar
negative,<PROVIDER_NAME> Hooq sangat tidak bermanfaat. Beli kuota bisa menonton di youtube gak perlu Hooq #rugi <PRODUCT_NAME> #kuota <PROVIDER_NAME> ,hooq manfaat beli kuota tonton youtube hooq
negative,<PROVIDER_NAME>  Di daerahku udah 3 hari  trouble mulu,daerah trouble mulu
negative,"sisa 2 hari kuota <PROVIDER_NAME> <PROVIDER_NAME> tapi sudah dibilang habis, gimana ini!",sisa kuota bilang habis
negative,Jaringan simpati anjir banget akhir2 ini. <PROVIDER_NAME>,jaring simpati anjir banget
negative,Dan terjadi lagi <PROVIDER_NAME> tai,tahi
positive,Untung pakai <PROVIDER_NAME> walaupun jauh dari rumah tapi Alhamdulillah semua urusan beres.,untung pakai rumah alhamdulillah urus beres
negative,jaringan <PROVIDER_NAME> flash untuk daerah aceh singkil kok gak stabil <PROVIDER_NAME>,jaring flash daerah aceh singkil stabil
negative,<PROVIDER_NAME> tarif mahal dengan sinyal parah.,tarif mahal sinyal parah
negative,"Jadi, sudah seminggu ini saya digangguin sama bunyi SMS dari <PROVIDER_NAME>. Ada promo, katanya.… <URL> ",minggu digangguin bunyi sms promo
negative,Oh jariangan kenapa <PROVIDER_NAME>,oh jariangan
negative,Tiap jam 12 malam ke atas hancur koneksinya <PROVIDER_NAME>,jam malam hancur koneksi
negative,Sedih saya kalau beli paket internet <PROVIDER_NAME>,sedih beli paket internet
positive,Hobi ngecek <PRODUCT_NAME> kali aja ada promo kuota internet buat penguna setia <PROVIDER_NAME> ternyata ada. Alhamdulillah rejeki anak biasa,hobi ecek kali promo kuota internet guna setia alhamdulillah rejeki anak
negative,<PROVIDER_NAME> setelah dihack malah tambah mahal,dihack mahal
negative,Jaringan lelet <PROVIDER_NAME>,jaring lelet
negative,<PROVIDER_NAME> lagi gangguan ya??,ganggu ya
negative,<PROVIDER_NAME> hancur jaringannya,hancur jaring
negative,Setiap isi pulsa belum dipakai pasti hilang mohon pejelasannya buat <PROVIDER_NAME>,isi pulsa pakai hilang mohon jelas
negative,<PROVIDER_NAME> memang bikin sebal ,bikin sebal
negative,4G LTE <PROVIDER_NAME> sedang bermasalah,lte masalah
negative,<PROVIDER_NAME> luar biasa parah 2 hari cuma buang2 kuota... payah <PROVIDER_NAME> <PROVIDER_NAME> <PROVIDER_NAME>,parah buang kuota payah
positive,koneksinya makin lancar pakai <PROVIDER_NAME> ,koneksi lancar pakai
positive,pakai sinyal <PROVIDER_NAME> lancar. <PROVIDER_NAME> memang yess!! ,pakai sinyal lancar yess
positive,"Data-data kerja jadi lebih cepat dicari kalau internetnya pakai <PROVIDER_NAME>,",data data kerja cepat cari internetnya pakai
positive,"<PROVIDER_NAME> memang juara, dari tadi nonton Youtube kuota masih full aja XD",juara tonton youtube kuota full xd
positive,Kenikmatan yang bisa didapatkan saat menjadi pengguna <PROVIDER_NAME> adalah menonton youtube gratis selama setahun,nikmat dapat guna tonton youtube gratis tahun
positive,Upload file yang besar juga sangat mudah dengan <PROVIDER_NAME>. Karena jaringan internetnya sangat cepat. Alhamdulillah,upload file mudah jaring internetnya cepat alhamdulillah
positive,"Untungnya pake <PROVIDER_NAME>, pekerjaan gua lancar :))",untung pakai kerja lancar
positive,Siang ini nyoba bonus telpon pakai kartu <PROVIDER_NAME> baru. Aman lancar jaya suaranya meski cuaca hujan.,siang coba bonus telepon pakai kartu aman lancar jaya suara cuaca hujan
positive,"Pantesan lancar ya, sinyal <PROVIDER_NAME> yang 4G lancar sekali di lombok timur",pantesan lancar ya sinyal lancar lombok timur
positive,Alhamdulillah lancar pakai <PROVIDER_NAME>,alhamdulillah lancar pakai
positive,"Untung pakai internet <PROVIDER_NAME>, lancar, jadi dapat banyak ide.",untung pakai internet lancar ide
positive,"di tempat ramai seperti di lokasi wisata, <PROVIDER_NAME> tetap jaya.",ramai lokasi wisata jaya
negative,Sinyal <PROVIDER_NAME> amsyong d stadion gajayana,sinyal amsyong stadion gajayana
